{"train/epoch":3,"train/global_step":798,"_timestamp":1.75714443788374e+09,"_wandb":{"runtime":5012},"custom/learning_rate":4.307518379054187e-09,"custom/seq_length":23402,"custom/loss":10.8125,"total_flos":0,"train/grad_norm":0,"train/loss":10.8125,"train_steps_per_second":0.159,"train_runtime":5010.4306,"custom/batch_size":4,"final/total_time_hours":1.3952028796407911,"_step":478,"train_samples_per_second":2.543,"final/final_loss":10.8125,"custom/step":3180,"train_loss":10.8125,"final/total_steps":798,"train/learning_rate":7.657724930887344e-09,"final/total_time_seconds":5022.730366706848,"_runtime":5012}